,identifier,noise,LAML1,NJ,LAML2
0,c30_noise0.0_rep0,0.0,0.27835051546391754,0.32989690721649484,0.27835051546391754
1,c30_noise0.0_rep1,0.0,0.18556701030927836,0.24742268041237114,0.16494845360824742
2,c30_noise0.0_rep2,0.0,0.25773195876288657,0.3402061855670103,0.23711340206185566
3,c30_noise0.0_rep3,0.0,0.1958762886597938,0.26804123711340205,0.20618556701030927
4,c30_noise0.0_rep4,0.0,0.16494845360824742,0.24742268041237114,0.15463917525773196
5,c30_noise0.0_rep5,0.0,0.24742268041237114,0.28865979381443296,0.24742268041237114
6,c30_noise0.0_rep6,0.0,0.18556701030927836,0.26804123711340205,0.18556701030927836
7,c30_noise0.0_rep7,0.0,0.4329896907216495,0.4639175257731959,0.3917525773195876
8,c30_noise0.0_rep8,0.0,0.28865979381443296,0.32989690721649484,0.21649484536082475
9,c30_noise0.0_rep9,0.0,0.29896907216494845,0.38144329896907214,0.26804123711340205
10,c30_noise0.0_rep10,0.0,0.4020618556701031,0.5463917525773195,0.4536082474226804
11,c30_noise0.0_rep11,0.0,0.23711340206185566,0.4020618556701031,0.25773195876288657
12,c30_noise0.0_rep12,0.0,0.09278350515463918,0.16494845360824742,0.09278350515463918
13,c30_noise0.0_rep13,0.0,0.3402061855670103,0.4639175257731959,0.36082474226804123
14,c30_noise0.0_rep14,0.0,0.27835051546391754,0.3711340206185567,0.21649484536082475
15,c30_noise0.0_rep15,0.0,0.2268041237113402,0.28865979381443296,0.21649484536082475
16,c30_noise0.0_rep16,0.0,0.41237113402061853,0.5154639175257731,0.4329896907216495
17,c30_noise0.0_rep17,0.0,0.17525773195876287,0.24742268041237114,0.1134020618556701
18,c30_noise0.0_rep18,0.0,0.20618556701030927,0.29896907216494845,0.18556701030927836
19,c30_noise0.0_rep19,0.0,0.2268041237113402,0.35051546391752575,0.25773195876288657
20,c30_noise0.0_rep20,0.0,0.13402061855670103,0.18556701030927836,0.09278350515463918
21,c30_noise0.0_rep21,0.0,0.13402061855670103,0.13402061855670103,0.12371134020618557
22,c30_noise0.0_rep22,0.0,0.44329896907216493,0.4536082474226804,0.4329896907216495
23,c30_noise0.0_rep23,0.0,0.20618556701030927,0.36082474226804123,0.16494845360824742
24,c30_noise0.0_rep24,0.0,0.12371134020618557,0.21649484536082475,0.15463917525773196
25,c30_noise0.0_rep25,0.0,0.35051546391752575,0.44329896907216493,0.3402061855670103
26,c30_noise0.0_rep26,0.0,0.24742268041237114,0.26804123711340205,0.20618556701030927
27,c30_noise0.0_rep27,0.0,0.41237113402061853,0.4742268041237113,0.4020618556701031
28,c30_noise0.0_rep28,0.0,0.18556701030927836,0.29896907216494845,0.18556701030927836
29,c30_noise0.0_rep29,0.0,0.36082474226804123,0.44329896907216493,0.35051546391752575
30,c30_noise0.0_rep30,0.0,0.18556701030927836,0.31958762886597936,0.18556701030927836
31,c30_noise0.0_rep31,0.0,0.1958762886597938,0.38144329896907214,0.1958762886597938
32,c30_noise0.0_rep32,0.0,0.3917525773195876,0.4329896907216495,0.36082474226804123
33,c30_noise0.0_rep33,0.0,0.18556701030927836,0.25773195876288657,0.17525773195876287
34,c30_noise0.0_rep34,0.0,0.27835051546391754,0.28865979381443296,0.29896907216494845
35,c30_noise0.0_rep35,0.0,0.1958762886597938,0.27835051546391754,0.1958762886597938
36,c30_noise0.0_rep36,0.0,0.20618556701030927,0.30927835051546393,0.18556701030927836
37,c30_noise0.0_rep37,0.0,0.1958762886597938,0.30927835051546393,0.1958762886597938
38,c30_noise0.0_rep38,0.0,0.21649484536082475,0.30927835051546393,0.20618556701030927
39,c30_noise0.0_rep39,0.0,0.5154639175257731,0.6185567010309279,0.5567010309278351
40,c30_noise0.0_rep40,0.0,0.2268041237113402,0.25773195876288657,0.23711340206185566
41,c30_noise0.0_rep41,0.0,0.1958762886597938,0.24742268041237114,0.14432989690721648
42,c30_noise0.0_rep42,0.0,0.29896907216494845,0.422680412371134,0.26804123711340205
43,c30_noise0.0_rep43,0.0,0.27835051546391754,0.29896907216494845,0.2268041237113402
44,c30_noise0.0_rep44,0.0,0.18556701030927836,0.35051546391752575,0.16494845360824742
45,c30_noise0.0_rep45,0.0,0.17525773195876287,0.23711340206185566,0.17525773195876287
46,c30_noise0.0_rep46,0.0,0.4020618556701031,0.4845360824742268,0.3711340206185567
47,c30_noise0.0_rep47,0.0,0.15463917525773196,0.3402061855670103,0.17525773195876287
48,c30_noise0.0_rep48,0.0,0.35051546391752575,0.44329896907216493,0.29896907216494845
49,c30_noise0.0_rep49,0.0,0.1958762886597938,0.30927835051546393,0.18556701030927836
50,c30_noise0.0_rep50,0.0,0.1958762886597938,0.29896907216494845,0.20618556701030927
51,c30_noise0.0_rep51,0.0,0.20618556701030927,0.26804123711340205,0.15463917525773196
52,c30_noise0.0_rep52,0.0,0.17525773195876287,0.21649484536082475,0.15463917525773196
53,c30_noise0.0_rep53,0.0,0.21649484536082475,0.36082474226804123,0.16494845360824742
54,c30_noise0.0_rep54,0.0,0.21649484536082475,0.38144329896907214,0.2268041237113402
55,c30_noise0.0_rep55,0.0,0.1958762886597938,0.27835051546391754,0.15463917525773196
56,c30_noise0.0_rep56,0.0,0.16494845360824742,0.35051546391752575,0.15463917525773196
57,c30_noise0.0_rep57,0.0,0.1958762886597938,0.29896907216494845,0.17525773195876287
58,c30_noise0.0_rep58,0.0,0.29896907216494845,0.4742268041237113,0.31958762886597936
59,c30_noise0.0_rep59,0.0,0.14432989690721648,0.17525773195876287,0.16494845360824742
60,c30_noise0.0_rep60,0.0,0.26804123711340205,0.27835051546391754,0.23711340206185566
61,c30_noise0.0_rep61,0.0,0.1958762886597938,0.25773195876288657,0.17525773195876287
62,c30_noise0.0_rep62,0.0,0.2268041237113402,0.27835051546391754,0.21649484536082475
63,c30_noise0.0_rep63,0.0,0.24742268041237114,0.3402061855670103,0.21649484536082475
64,c30_noise0.0_rep64,0.0,0.27835051546391754,0.31958762886597936,0.27835051546391754
65,c30_noise0.0_rep65,0.0,0.27835051546391754,0.44329896907216493,0.28865979381443296
66,c30_noise0.0_rep66,0.0,0.17525773195876287,0.30927835051546393,0.21649484536082475
67,c30_noise0.0_rep67,0.0,0.23711340206185566,0.26804123711340205,0.20618556701030927
68,c30_noise0.0_rep68,0.0,0.32989690721649484,0.422680412371134,0.28865979381443296
69,c30_noise0.0_rep69,0.0,0.14432989690721648,0.30927835051546393,0.13402061855670103
70,c30_noise0.0_rep70,0.0,0.32989690721649484,0.4329896907216495,0.3711340206185567
71,c30_noise0.0_rep71,0.0,0.17525773195876287,0.24742268041237114,0.18556701030927836
72,c30_noise0.0_rep72,0.0,0.16494845360824742,0.29896907216494845,0.17525773195876287
73,c30_noise0.0_rep73,0.0,0.3917525773195876,0.5773195876288659,0.3402061855670103
74,c30_noise0.0_rep74,0.0,0.3711340206185567,0.3711340206185567,0.32989690721649484
75,c30_noise0.0_rep75,0.0,0.32989690721649484,0.41237113402061853,0.27835051546391754
76,c30_noise0.0_rep76,0.0,0.23711340206185566,0.35051546391752575,0.1958762886597938
77,c30_noise0.0_rep77,0.0,0.1958762886597938,0.3711340206185567,0.16494845360824742
78,c30_noise0.0_rep78,0.0,0.23711340206185566,0.31958762886597936,0.21649484536082475
79,c30_noise0.0_rep79,0.0,0.21649484536082475,0.29896907216494845,0.2268041237113402
80,c30_noise0.0_rep80,0.0,0.14432989690721648,0.23711340206185566,0.14432989690721648
81,c30_noise0.0_rep81,0.0,0.29896907216494845,0.38144329896907214,0.25773195876288657
82,c30_noise0.0_rep82,0.0,0.44329896907216493,0.4536082474226804,0.41237113402061853
83,c30_noise0.0_rep83,0.0,0.20618556701030927,0.32989690721649484,0.16494845360824742
84,c30_noise0.0_rep84,0.0,0.14432989690721648,0.24742268041237114,0.16494845360824742
85,c30_noise0.0_rep85,0.0,0.3711340206185567,0.422680412371134,0.3402061855670103
86,c30_noise0.0_rep86,0.0,0.08247422680412371,0.15463917525773196,0.08247422680412371
87,c30_noise0.0_rep87,0.0,0.27835051546391754,0.3917525773195876,0.29896907216494845
88,c30_noise0.0_rep88,0.0,0.4845360824742268,0.5876288659793815,0.5154639175257731
89,c30_noise0.0_rep89,0.0,0.14432989690721648,0.2268041237113402,0.1134020618556701
90,c30_noise0.0_rep90,0.0,0.27835051546391754,0.36082474226804123,0.29896907216494845
91,c30_noise0.0_rep91,0.0,0.4742268041237113,0.4536082474226804,0.4020618556701031
92,c30_noise0.0_rep92,0.0,0.21649484536082475,0.24742268041237114,0.13402061855670103
93,c30_noise0.0_rep93,0.0,0.3711340206185567,0.4536082474226804,0.36082474226804123
94,c30_noise0.0_rep94,0.0,0.5670103092783505,0.6804123711340206,0.4948453608247423
95,c30_noise0.0_rep95,0.0,0.20618556701030927,0.31958762886597936,0.16494845360824742
96,c30_noise0.0_rep96,0.0,0.21649484536082475,0.30927835051546393,0.2268041237113402
97,c30_noise0.0_rep97,0.0,0.23711340206185566,0.29896907216494845,0.24742268041237114
98,c30_noise0.0_rep98,0.0,0.2268041237113402,0.28865979381443296,0.25773195876288657
99,c30_noise0.0_rep99,0.0,0.23711340206185566,0.27835051546391754,0.18556701030927836
100,c30_noise0.02_rep0,0.02,0.4329896907216495,0.4742268041237113,0.3402061855670103
101,c30_noise0.02_rep1,0.02,0.29896907216494845,0.27835051546391754,0.2268041237113402
102,c30_noise0.02_rep2,0.02,0.3711340206185567,0.35051546391752575,0.28865979381443296
103,c30_noise0.02_rep3,0.02,0.422680412371134,0.4020618556701031,0.26804123711340205
104,c30_noise0.02_rep4,0.02,0.27835051546391754,0.32989690721649484,0.14432989690721648
105,c30_noise0.02_rep5,0.02,0.32989690721649484,0.32989690721649484,0.20618556701030927
106,c30_noise0.02_rep6,0.02,0.36082474226804123,0.35051546391752575,0.23711340206185566
107,c30_noise0.02_rep7,0.02,0.5360824742268041,0.4948453608247423,0.41237113402061853
108,c30_noise0.02_rep8,0.02,0.4845360824742268,0.422680412371134,0.36082474226804123
109,c30_noise0.02_rep9,0.02,0.4536082474226804,0.4639175257731959,0.32989690721649484
110,c30_noise0.02_rep10,0.02,0.7010309278350515,0.6907216494845361,0.5567010309278351
111,c30_noise0.02_rep11,0.02,0.36082474226804123,0.4329896907216495,0.21649484536082475
112,c30_noise0.02_rep12,0.02,0.30927835051546393,0.30927835051546393,0.20618556701030927
113,c30_noise0.02_rep13,0.02,0.6288659793814433,0.5463917525773195,0.44329896907216493
114,c30_noise0.02_rep14,0.02,0.36082474226804123,0.38144329896907214,0.25773195876288657
115,c30_noise0.02_rep15,0.02,0.3402061855670103,0.35051546391752575,0.27835051546391754
116,c30_noise0.02_rep16,0.02,0.5360824742268041,0.5463917525773195,0.41237113402061853
117,c30_noise0.02_rep17,0.02,0.38144329896907214,0.3402061855670103,0.23711340206185566
118,c30_noise0.02_rep18,0.02,0.41237113402061853,0.31958762886597936,0.18556701030927836
119,c30_noise0.02_rep19,0.02,0.4948453608247423,0.4845360824742268,0.3917525773195876
120,c30_noise0.02_rep20,0.02,0.2268041237113402,0.2268041237113402,0.17525773195876287
121,c30_noise0.02_rep21,0.02,0.24742268041237114,0.24742268041237114,0.17525773195876287
122,c30_noise0.02_rep22,0.02,0.5876288659793815,0.4845360824742268,0.4948453608247423
123,c30_noise0.02_rep23,0.02,0.422680412371134,0.4329896907216495,0.18556701030927836
124,c30_noise0.02_rep24,0.02,0.31958762886597936,0.30927835051546393,0.20618556701030927
125,c30_noise0.02_rep25,0.02,0.5567010309278351,0.4845360824742268,0.4329896907216495
126,c30_noise0.02_rep26,0.02,0.29896907216494845,0.32989690721649484,0.2268041237113402
127,c30_noise0.02_rep27,0.02,0.5670103092783505,0.5567010309278351,0.44329896907216493
128,c30_noise0.02_rep28,0.02,0.4536082474226804,0.3917525773195876,0.20618556701030927
129,c30_noise0.02_rep29,0.02,0.5670103092783505,0.5360824742268041,0.41237113402061853
130,c30_noise0.02_rep30,0.02,0.4020618556701031,0.4020618556701031,0.2268041237113402
131,c30_noise0.02_rep31,0.02,0.38144329896907214,0.41237113402061853,0.26804123711340205
132,c30_noise0.02_rep32,0.02,0.6082474226804123,0.5567010309278351,0.4536082474226804
133,c30_noise0.02_rep33,0.02,0.38144329896907214,0.3711340206185567,0.2268041237113402
134,c30_noise0.02_rep34,0.02,0.4948453608247423,0.4329896907216495,0.3711340206185567
135,c30_noise0.02_rep35,0.02,0.32989690721649484,0.35051546391752575,0.28865979381443296
136,c30_noise0.02_rep36,0.02,0.32989690721649484,0.3917525773195876,0.21649484536082475
137,c30_noise0.02_rep37,0.02,0.3711340206185567,0.36082474226804123,0.25773195876288657
138,c30_noise0.02_rep38,0.02,0.44329896907216493,0.31958762886597936,0.25773195876288657
139,c30_noise0.02_rep39,0.02,0.7628865979381443,0.711340206185567,0.5773195876288659
140,c30_noise0.02_rep40,0.02,0.4845360824742268,0.3402061855670103,0.24742268041237114
141,c30_noise0.02_rep41,0.02,0.4845360824742268,0.4020618556701031,0.21649484536082475
142,c30_noise0.02_rep42,0.02,0.5567010309278351,0.5463917525773195,0.38144329896907214
143,c30_noise0.02_rep43,0.02,0.29896907216494845,0.31958762886597936,0.25773195876288657
144,c30_noise0.02_rep44,0.02,0.3917525773195876,0.3711340206185567,0.21649484536082475
145,c30_noise0.02_rep45,0.02,0.41237113402061853,0.25773195876288657,0.24742268041237114
146,c30_noise0.02_rep46,0.02,0.5257731958762887,0.4948453608247423,0.3711340206185567
147,c30_noise0.02_rep47,0.02,0.4020618556701031,0.41237113402061853,0.23711340206185566
148,c30_noise0.02_rep48,0.02,0.5670103092783505,0.5257731958762887,0.30927835051546393
149,c30_noise0.02_rep49,0.02,0.3402061855670103,0.32989690721649484,0.2268041237113402
150,c30_noise0.02_rep50,0.02,0.36082474226804123,0.36082474226804123,0.20618556701030927
151,c30_noise0.02_rep51,0.02,0.3917525773195876,0.36082474226804123,0.2268041237113402
152,c30_noise0.02_rep52,0.02,0.18556701030927836,0.25773195876288657,0.18556701030927836
153,c30_noise0.02_rep53,0.02,0.4020618556701031,0.3917525773195876,0.24742268041237114
154,c30_noise0.02_rep54,0.02,0.5154639175257731,0.4536082474226804,0.30927835051546393
155,c30_noise0.02_rep55,0.02,0.28865979381443296,0.32989690721649484,0.18556701030927836
156,c30_noise0.02_rep56,0.02,0.4742268041237113,0.4536082474226804,0.27835051546391754
157,c30_noise0.02_rep57,0.02,0.41237113402061853,0.4020618556701031,0.21649484536082475
158,c30_noise0.02_rep58,0.02,0.4948453608247423,0.4845360824742268,0.35051546391752575
159,c30_noise0.02_rep59,0.02,0.4020618556701031,0.30927835051546393,0.1958762886597938
160,c30_noise0.02_rep60,0.02,0.4948453608247423,0.38144329896907214,0.27835051546391754
161,c30_noise0.02_rep61,0.02,0.4329896907216495,0.32989690721649484,0.21649484536082475
162,c30_noise0.02_rep62,0.02,0.4536082474226804,0.36082474226804123,0.2268041237113402
163,c30_noise0.02_rep63,0.02,0.4329896907216495,0.4329896907216495,0.32989690721649484
164,c30_noise0.02_rep64,0.02,0.44329896907216493,0.422680412371134,0.28865979381443296
165,c30_noise0.02_rep65,0.02,0.4742268041237113,0.4948453608247423,0.3402061855670103
166,c30_noise0.02_rep66,0.02,0.422680412371134,0.422680412371134,0.26804123711340205
167,c30_noise0.02_rep67,0.02,0.44329896907216493,0.38144329896907214,0.29896907216494845
168,c30_noise0.02_rep68,0.02,0.44329896907216493,0.44329896907216493,0.3917525773195876
169,c30_noise0.02_rep69,0.02,0.3402061855670103,0.35051546391752575,0.18556701030927836
170,c30_noise0.02_rep70,0.02,0.5051546391752577,0.4536082474226804,0.4329896907216495
171,c30_noise0.02_rep71,0.02,0.38144329896907214,0.38144329896907214,0.2268041237113402
172,c30_noise0.02_rep72,0.02,0.41237113402061853,0.38144329896907214,0.21649484536082475
173,c30_noise0.02_rep73,0.02,0.6494845360824743,0.6185567010309279,0.4536082474226804
174,c30_noise0.02_rep74,0.02,0.5257731958762887,0.422680412371134,0.3711340206185567
175,c30_noise0.02_rep75,0.02,0.44329896907216493,0.4020618556701031,0.28865979381443296
176,c30_noise0.02_rep76,0.02,0.41237113402061853,0.3917525773195876,0.25773195876288657
177,c30_noise0.02_rep77,0.02,0.4948453608247423,0.3917525773195876,0.26804123711340205
178,c30_noise0.02_rep78,0.02,0.422680412371134,0.3711340206185567,0.25773195876288657
179,c30_noise0.02_rep79,0.02,0.4742268041237113,0.4020618556701031,0.27835051546391754
180,c30_noise0.02_rep80,0.02,0.24742268041237114,0.27835051546391754,0.13402061855670103
181,c30_noise0.02_rep81,0.02,0.4329896907216495,0.44329896907216493,0.3711340206185567
182,c30_noise0.02_rep82,0.02,0.5463917525773195,0.5154639175257731,0.4329896907216495
183,c30_noise0.02_rep83,0.02,0.3402061855670103,0.41237113402061853,0.1958762886597938
184,c30_noise0.02_rep84,0.02,0.32989690721649484,0.32989690721649484,0.23711340206185566
185,c30_noise0.02_rep85,0.02,0.5567010309278351,0.5360824742268041,0.4020618556701031
186,c30_noise0.02_rep86,0.02,0.25773195876288657,0.25773195876288657,0.14432989690721648
187,c30_noise0.02_rep87,0.02,0.44329896907216493,0.4639175257731959,0.27835051546391754
188,c30_noise0.02_rep88,0.02,0.7319587628865979,0.6185567010309279,0.5876288659793815
189,c30_noise0.02_rep89,0.02,0.26804123711340205,0.24742268041237114,0.14432989690721648
190,c30_noise0.02_rep90,0.02,0.5154639175257731,0.4948453608247423,0.30927835051546393
191,c30_noise0.02_rep91,0.02,0.5257731958762887,0.5154639175257731,0.44329896907216493
192,c30_noise0.02_rep92,0.02,0.3917525773195876,0.3402061855670103,0.18556701030927836
193,c30_noise0.02_rep93,0.02,0.5876288659793815,0.4742268041237113,0.36082474226804123
194,c30_noise0.02_rep94,0.02,0.6907216494845361,0.7319587628865979,0.6082474226804123
195,c30_noise0.02_rep95,0.02,0.3711340206185567,0.36082474226804123,0.2268041237113402
196,c30_noise0.02_rep96,0.02,0.41237113402061853,0.44329896907216493,0.28865979381443296
197,c30_noise0.02_rep97,0.02,0.422680412371134,0.35051546391752575,0.30927835051546393
198,c30_noise0.02_rep98,0.02,0.4329896907216495,0.35051546391752575,0.25773195876288657
199,c30_noise0.02_rep99,0.02,0.3711340206185567,0.36082474226804123,0.2268041237113402
200,c30_noise0.04_rep0,0.04,0.5360824742268041,0.4948453608247423,0.31958762886597936
201,c30_noise0.04_rep1,0.04,0.4742268041237113,0.36082474226804123,0.21649484536082475
202,c30_noise0.04_rep2,0.04,0.41237113402061853,0.3917525773195876,0.27835051546391754
203,c30_noise0.04_rep3,0.04,0.41237113402061853,0.3711340206185567,0.25773195876288657
204,c30_noise0.04_rep4,0.04,0.3917525773195876,0.35051546391752575,0.2268041237113402
205,c30_noise0.04_rep5,0.04,0.3711340206185567,0.26804123711340205,0.25773195876288657
206,c30_noise0.04_rep6,0.04,0.5154639175257731,0.422680412371134,0.28865979381443296
207,c30_noise0.04_rep7,0.04,0.4948453608247423,0.4639175257731959,0.3917525773195876
208,c30_noise0.04_rep8,0.04,0.5567010309278351,0.4329896907216495,0.3711340206185567
209,c30_noise0.04_rep9,0.04,0.6082474226804123,0.5567010309278351,0.4639175257731959
210,c30_noise0.04_rep10,0.04,0.711340206185567,0.7525773195876289,0.5876288659793815
211,c30_noise0.04_rep11,0.04,0.5257731958762887,0.5257731958762887,0.3402061855670103
212,c30_noise0.04_rep12,0.04,0.36082474226804123,0.31958762886597936,0.2268041237113402
213,c30_noise0.04_rep13,0.04,0.6494845360824743,0.5876288659793815,0.5154639175257731
214,c30_noise0.04_rep14,0.04,0.44329896907216493,0.41237113402061853,0.23711340206185566
215,c30_noise0.04_rep15,0.04,0.41237113402061853,0.35051546391752575,0.29896907216494845
216,c30_noise0.04_rep16,0.04,0.6391752577319587,0.6494845360824743,0.5051546391752577
217,c30_noise0.04_rep17,0.04,0.4948453608247423,0.3917525773195876,0.2268041237113402
218,c30_noise0.04_rep18,0.04,0.4536082474226804,0.3917525773195876,0.28865979381443296
219,c30_noise0.04_rep19,0.04,0.5051546391752577,0.4742268041237113,0.3711340206185567
220,c30_noise0.04_rep20,0.04,0.32989690721649484,0.26804123711340205,0.15463917525773196
221,c30_noise0.04_rep21,0.04,0.29896907216494845,0.23711340206185566,0.17525773195876287
222,c30_noise0.04_rep22,0.04,0.6082474226804123,0.5567010309278351,0.4536082474226804
223,c30_noise0.04_rep23,0.04,0.5463917525773195,0.5360824742268041,0.30927835051546393
224,c30_noise0.04_rep24,0.04,0.4329896907216495,0.32989690721649484,0.16494845360824742
225,c30_noise0.04_rep25,0.04,0.6391752577319587,0.5979381443298969,0.4845360824742268
226,c30_noise0.04_rep26,0.04,0.31958762886597936,0.3711340206185567,0.23711340206185566
227,c30_noise0.04_rep27,0.04,0.6288659793814433,0.5567010309278351,0.4639175257731959
228,c30_noise0.04_rep28,0.04,0.5257731958762887,0.3917525773195876,0.27835051546391754
229,c30_noise0.04_rep29,0.04,0.6288659793814433,0.6288659793814433,0.4845360824742268
230,c30_noise0.04_rep30,0.04,0.4845360824742268,0.4020618556701031,0.20618556701030927
231,c30_noise0.04_rep31,0.04,0.5051546391752577,0.4742268041237113,0.28865979381443296
232,c30_noise0.04_rep32,0.04,0.6494845360824743,0.6082474226804123,0.4948453608247423
233,c30_noise0.04_rep33,0.04,0.3917525773195876,0.36082474226804123,0.20618556701030927
234,c30_noise0.04_rep34,0.04,0.5051546391752577,0.5154639175257731,0.41237113402061853
235,c30_noise0.04_rep35,0.04,0.4536082474226804,0.4329896907216495,0.28865979381443296
236,c30_noise0.04_rep36,0.04,0.5257731958762887,0.422680412371134,0.28865979381443296
237,c30_noise0.04_rep37,0.04,0.5051546391752577,0.4536082474226804,0.29896907216494845
238,c30_noise0.04_rep38,0.04,0.4639175257731959,0.4742268041237113,0.3402061855670103
239,c30_noise0.04_rep39,0.04,0.8144329896907216,0.8350515463917526,0.6701030927835051
240,c30_noise0.04_rep40,0.04,0.5463917525773195,0.4536082474226804,0.3402061855670103
241,c30_noise0.04_rep41,0.04,0.5154639175257731,0.3917525773195876,0.23711340206185566
242,c30_noise0.04_rep42,0.04,0.6082474226804123,0.5876288659793815,0.36082474226804123
243,c30_noise0.04_rep43,0.04,0.4536082474226804,0.36082474226804123,0.25773195876288657
244,c30_noise0.04_rep44,0.04,0.4845360824742268,0.4329896907216495,0.30927835051546393
245,c30_noise0.04_rep45,0.04,0.36082474226804123,0.3402061855670103,0.24742268041237114
246,c30_noise0.04_rep46,0.04,0.6391752577319587,0.5670103092783505,0.4536082474226804
247,c30_noise0.04_rep47,0.04,0.422680412371134,0.422680412371134,0.31958762886597936
248,c30_noise0.04_rep48,0.04,0.6185567010309279,0.5773195876288659,0.3711340206185567
249,c30_noise0.04_rep49,0.04,0.4536082474226804,0.422680412371134,0.2268041237113402
250,c30_noise0.04_rep50,0.04,0.4020618556701031,0.41237113402061853,0.25773195876288657
251,c30_noise0.04_rep51,0.04,0.4020618556701031,0.3402061855670103,0.20618556701030927
252,c30_noise0.04_rep52,0.04,0.27835051546391754,0.23711340206185566,0.18556701030927836
253,c30_noise0.04_rep53,0.04,0.4536082474226804,0.44329896907216493,0.32989690721649484
254,c30_noise0.04_rep54,0.04,0.5257731958762887,0.4639175257731959,0.36082474226804123
255,c30_noise0.04_rep55,0.04,0.44329896907216493,0.38144329896907214,0.18556701030927836
256,c30_noise0.04_rep56,0.04,0.5876288659793815,0.4948453608247423,0.35051546391752575
257,c30_noise0.04_rep57,0.04,0.5567010309278351,0.4948453608247423,0.3402061855670103
258,c30_noise0.04_rep58,0.04,0.6082474226804123,0.5773195876288659,0.41237113402061853
259,c30_noise0.04_rep59,0.04,0.4329896907216495,0.3711340206185567,0.2268041237113402
260,c30_noise0.04_rep60,0.04,0.6288659793814433,0.5051546391752577,0.3917525773195876
261,c30_noise0.04_rep61,0.04,0.4639175257731959,0.35051546391752575,0.24742268041237114
262,c30_noise0.04_rep62,0.04,0.5051546391752577,0.4845360824742268,0.27835051546391754
263,c30_noise0.04_rep63,0.04,0.5360824742268041,0.4948453608247423,0.35051546391752575
264,c30_noise0.04_rep64,0.04,0.5154639175257731,0.4742268041237113,0.36082474226804123
265,c30_noise0.04_rep65,0.04,0.6185567010309279,0.5979381443298969,0.4020618556701031
266,c30_noise0.04_rep66,0.04,0.5154639175257731,0.4329896907216495,0.31958762886597936
267,c30_noise0.04_rep67,0.04,0.4948453608247423,0.4948453608247423,0.35051546391752575
268,c30_noise0.04_rep68,0.04,0.5670103092783505,0.5463917525773195,0.4536082474226804
269,c30_noise0.04_rep69,0.04,0.4845360824742268,0.422680412371134,0.26804123711340205
270,c30_noise0.04_rep70,0.04,0.6082474226804123,0.5154639175257731,0.41237113402061853
271,c30_noise0.04_rep71,0.04,0.4845360824742268,0.41237113402061853,0.2268041237113402
272,c30_noise0.04_rep72,0.04,0.4536082474226804,0.35051546391752575,0.21649484536082475
273,c30_noise0.04_rep73,0.04,0.6701030927835051,0.6494845360824743,0.4639175257731959
274,c30_noise0.04_rep74,0.04,0.5463917525773195,0.5154639175257731,0.4639175257731959
275,c30_noise0.04_rep75,0.04,0.5979381443298969,0.5257731958762887,0.3917525773195876
276,c30_noise0.04_rep76,0.04,0.4948453608247423,0.3917525773195876,0.28865979381443296
277,c30_noise0.04_rep77,0.04,0.5463917525773195,0.4742268041237113,0.32989690721649484
278,c30_noise0.04_rep78,0.04,0.4845360824742268,0.41237113402061853,0.25773195876288657
279,c30_noise0.04_rep79,0.04,0.5567010309278351,0.4948453608247423,0.3402061855670103
280,c30_noise0.04_rep80,0.04,0.35051546391752575,0.26804123711340205,0.16494845360824742
281,c30_noise0.04_rep81,0.04,0.6494845360824743,0.5567010309278351,0.4020618556701031
282,c30_noise0.04_rep82,0.04,0.6391752577319587,0.6597938144329897,0.5567010309278351
283,c30_noise0.04_rep83,0.04,0.5257731958762887,0.4948453608247423,0.36082474226804123
284,c30_noise0.04_rep84,0.04,0.3917525773195876,0.3917525773195876,0.17525773195876287
285,c30_noise0.04_rep85,0.04,0.6494845360824743,0.5876288659793815,0.41237113402061853
286,c30_noise0.04_rep86,0.04,0.4536082474226804,0.3711340206185567,0.17525773195876287
287,c30_noise0.04_rep87,0.04,0.6494845360824743,0.5876288659793815,0.35051546391752575
288,c30_noise0.04_rep88,0.04,0.7525773195876289,0.7525773195876289,0.6701030927835051
289,c30_noise0.04_rep89,0.04,0.29896907216494845,0.24742268041237114,0.17525773195876287
290,c30_noise0.04_rep90,0.04,0.5051546391752577,0.4742268041237113,0.31958762886597936
291,c30_noise0.04_rep91,0.04,0.7319587628865979,0.6391752577319587,0.5360824742268041
292,c30_noise0.04_rep92,0.04,0.28865979381443296,0.3402061855670103,0.25773195876288657
293,c30_noise0.04_rep93,0.04,0.6701030927835051,0.6288659793814433,0.5154639175257731
294,c30_noise0.04_rep94,0.04,0.8144329896907216,0.7938144329896907,0.5773195876288659
295,c30_noise0.04_rep95,0.04,0.5257731958762887,0.41237113402061853,0.23711340206185566
296,c30_noise0.04_rep96,0.04,0.4639175257731959,0.4536082474226804,0.31958762886597936
297,c30_noise0.04_rep97,0.04,0.5051546391752577,0.38144329896907214,0.29896907216494845
298,c30_noise0.04_rep98,0.04,0.4948453608247423,0.36082474226804123,0.24742268041237114
299,c30_noise0.04_rep99,0.04,0.5670103092783505,0.4742268041237113,0.26804123711340205
300,c30_noise0.06_rep0,0.06,0.6185567010309279,0.5463917525773195,0.422680412371134
301,c30_noise0.06_rep1,0.06,0.4536082474226804,0.3711340206185567,0.20618556701030927
302,c30_noise0.06_rep2,0.06,0.5154639175257731,0.38144329896907214,0.35051546391752575
303,c30_noise0.06_rep3,0.06,0.422680412371134,0.4020618556701031,0.31958762886597936
304,c30_noise0.06_rep4,0.06,0.4845360824742268,0.36082474226804123,0.24742268041237114
305,c30_noise0.06_rep5,0.06,0.5773195876288659,0.5051546391752577,0.3711340206185567
306,c30_noise0.06_rep6,0.06,0.6082474226804123,0.5051546391752577,0.31958762886597936
307,c30_noise0.06_rep7,0.06,0.6082474226804123,0.5051546391752577,0.4329896907216495
308,c30_noise0.06_rep8,0.06,0.5360824742268041,0.5360824742268041,0.422680412371134
309,c30_noise0.06_rep9,0.06,0.6494845360824743,0.5567010309278351,0.4948453608247423
310,c30_noise0.06_rep10,0.06,0.7835051546391752,0.711340206185567,0.6082474226804123
311,c30_noise0.06_rep11,0.06,0.5773195876288659,0.5360824742268041,0.4020618556701031
312,c30_noise0.06_rep12,0.06,0.3917525773195876,0.3711340206185567,0.25773195876288657
313,c30_noise0.06_rep13,0.06,0.7422680412371134,0.6597938144329897,0.5979381443298969
314,c30_noise0.06_rep14,0.06,0.5257731958762887,0.4948453608247423,0.3402061855670103
315,c30_noise0.06_rep15,0.06,0.4948453608247423,0.38144329896907214,0.3402061855670103
316,c30_noise0.06_rep16,0.06,0.6804123711340206,0.6082474226804123,0.4742268041237113
317,c30_noise0.06_rep17,0.06,0.4742268041237113,0.422680412371134,0.28865979381443296
318,c30_noise0.06_rep18,0.06,0.5567010309278351,0.4329896907216495,0.36082474226804123
319,c30_noise0.06_rep19,0.06,0.6082474226804123,0.6185567010309279,0.5257731958762887
320,c30_noise0.06_rep20,0.06,0.3917525773195876,0.25773195876288657,0.15463917525773196
321,c30_noise0.06_rep21,0.06,0.3711340206185567,0.26804123711340205,0.27835051546391754
322,c30_noise0.06_rep22,0.06,0.7216494845360825,0.6288659793814433,0.5567010309278351
323,c30_noise0.06_rep23,0.06,0.5979381443298969,0.5670103092783505,0.35051546391752575
324,c30_noise0.06_rep24,0.06,0.4536082474226804,0.35051546391752575,0.26804123711340205
325,c30_noise0.06_rep25,0.06,0.7319587628865979,0.6082474226804123,0.4639175257731959
326,c30_noise0.06_rep26,0.06,0.4845360824742268,0.3917525773195876,0.27835051546391754
327,c30_noise0.06_rep27,0.06,0.711340206185567,0.6082474226804123,0.5876288659793815
328,c30_noise0.06_rep28,0.06,0.6391752577319587,0.4536082474226804,0.31958762886597936
329,c30_noise0.06_rep29,0.06,0.711340206185567,0.7422680412371134,0.5773195876288659
330,c30_noise0.06_rep30,0.06,0.5670103092783505,0.4536082474226804,0.25773195876288657
331,c30_noise0.06_rep31,0.06,0.5773195876288659,0.5154639175257731,0.3402061855670103
332,c30_noise0.06_rep32,0.06,0.7731958762886598,0.7525773195876289,0.5876288659793815
333,c30_noise0.06_rep33,0.06,0.6391752577319587,0.5154639175257731,0.32989690721649484
334,c30_noise0.06_rep34,0.06,0.6082474226804123,0.5051546391752577,0.4536082474226804
335,c30_noise0.06_rep35,0.06,0.5567010309278351,0.4845360824742268,0.4329896907216495
336,c30_noise0.06_rep36,0.06,0.5360824742268041,0.4020618556701031,0.28865979381443296
337,c30_noise0.06_rep37,0.06,0.5670103092783505,0.5051546391752577,0.3402061855670103
338,c30_noise0.06_rep38,0.06,0.5463917525773195,0.5876288659793815,0.422680412371134
339,c30_noise0.06_rep39,0.06,0.8762886597938144,0.845360824742268,0.7525773195876289
340,c30_noise0.06_rep40,0.06,0.5463917525773195,0.4845360824742268,0.3402061855670103
341,c30_noise0.06_rep41,0.06,0.4742268041237113,0.422680412371134,0.29896907216494845
342,c30_noise0.06_rep42,0.06,0.6597938144329897,0.5567010309278351,0.41237113402061853
343,c30_noise0.06_rep43,0.06,0.4742268041237113,0.4536082474226804,0.32989690721649484
344,c30_noise0.06_rep44,0.06,0.44329896907216493,0.3711340206185567,0.20618556701030927
345,c30_noise0.06_rep45,0.06,0.6288659793814433,0.4639175257731959,0.36082474226804123
346,c30_noise0.06_rep46,0.06,0.6907216494845361,0.6082474226804123,0.5257731958762887
347,c30_noise0.06_rep47,0.06,0.5876288659793815,0.4845360824742268,0.30927835051546393
348,c30_noise0.06_rep48,0.06,0.7525773195876289,0.7010309278350515,0.5154639175257731
349,c30_noise0.06_rep49,0.06,0.5257731958762887,0.4020618556701031,0.27835051546391754
350,c30_noise0.06_rep50,0.06,0.44329896907216493,0.4020618556701031,0.21649484536082475
351,c30_noise0.06_rep51,0.06,0.5051546391752577,0.4948453608247423,0.3917525773195876
352,c30_noise0.06_rep52,0.06,0.3402061855670103,0.29896907216494845,0.23711340206185566
353,c30_noise0.06_rep53,0.06,0.6082474226804123,0.5154639175257731,0.35051546391752575
354,c30_noise0.06_rep54,0.06,0.6082474226804123,0.5773195876288659,0.3711340206185567
355,c30_noise0.06_rep55,0.06,0.5463917525773195,0.422680412371134,0.23711340206185566
356,c30_noise0.06_rep56,0.06,0.5257731958762887,0.5257731958762887,0.4020618556701031
357,c30_noise0.06_rep57,0.06,0.6082474226804123,0.5051546391752577,0.3711340206185567
358,c30_noise0.06_rep58,0.06,0.7216494845360825,0.6804123711340206,0.44329896907216493
359,c30_noise0.06_rep59,0.06,0.4948453608247423,0.422680412371134,0.26804123711340205
360,c30_noise0.06_rep60,0.06,0.7525773195876289,0.6597938144329897,0.41237113402061853
361,c30_noise0.06_rep61,0.06,0.5567010309278351,0.41237113402061853,0.30927835051546393
362,c30_noise0.06_rep62,0.06,0.6494845360824743,0.5154639175257731,0.38144329896907214
363,c30_noise0.06_rep63,0.06,0.6391752577319587,0.5876288659793815,0.3402061855670103
364,c30_noise0.06_rep64,0.06,0.6391752577319587,0.5670103092783505,0.4845360824742268
365,c30_noise0.06_rep65,0.06,0.6804123711340206,0.6391752577319587,0.4536082474226804
366,c30_noise0.06_rep66,0.06,0.6288659793814433,0.4639175257731959,0.30927835051546393
367,c30_noise0.06_rep67,0.06,0.5360824742268041,0.4845360824742268,0.32989690721649484
368,c30_noise0.06_rep68,0.06,0.7319587628865979,0.6288659793814433,0.5360824742268041
369,c30_noise0.06_rep69,0.06,0.5051546391752577,0.41237113402061853,0.23711340206185566
370,c30_noise0.06_rep70,0.06,0.6391752577319587,0.6082474226804123,0.5360824742268041
371,c30_noise0.06_rep71,0.06,0.5567010309278351,0.44329896907216493,0.26804123711340205
372,c30_noise0.06_rep72,0.06,0.5051546391752577,0.38144329896907214,0.27835051546391754
373,c30_noise0.06_rep73,0.06,0.7422680412371134,0.6597938144329897,0.5257731958762887
374,c30_noise0.06_rep74,0.06,0.6185567010309279,0.5360824742268041,0.4020618556701031
375,c30_noise0.06_rep75,0.06,0.7010309278350515,0.5979381443298969,0.4639175257731959
376,c30_noise0.06_rep76,0.06,0.5257731958762887,0.422680412371134,0.3402061855670103
377,c30_noise0.06_rep77,0.06,0.5876288659793815,0.4742268041237113,0.31958762886597936
378,c30_noise0.06_rep78,0.06,0.5670103092783505,0.5670103092783505,0.32989690721649484
379,c30_noise0.06_rep79,0.06,0.5876288659793815,0.4742268041237113,0.3402061855670103
380,c30_noise0.06_rep80,0.06,0.422680412371134,0.27835051546391754,0.17525773195876287
381,c30_noise0.06_rep81,0.06,0.6597938144329897,0.5257731958762887,0.3917525773195876
382,c30_noise0.06_rep82,0.06,0.6907216494845361,0.6391752577319587,0.5257731958762887
383,c30_noise0.06_rep83,0.06,0.5360824742268041,0.4536082474226804,0.35051546391752575
384,c30_noise0.06_rep84,0.06,0.5257731958762887,0.3711340206185567,0.2268041237113402
385,c30_noise0.06_rep85,0.06,0.7216494845360825,0.6701030927835051,0.4742268041237113
386,c30_noise0.06_rep86,0.06,0.4639175257731959,0.36082474226804123,0.21649484536082475
387,c30_noise0.06_rep87,0.06,0.6288659793814433,0.6082474226804123,0.30927835051546393
388,c30_noise0.06_rep88,0.06,0.8556701030927835,0.7731958762886598,0.7010309278350515
389,c30_noise0.06_rep89,0.06,0.41237113402061853,0.29896907216494845,0.1958762886597938
390,c30_noise0.06_rep90,0.06,0.5773195876288659,0.5773195876288659,0.4329896907216495
391,c30_noise0.06_rep91,0.06,0.7731958762886598,0.6804123711340206,0.5360824742268041
392,c30_noise0.06_rep92,0.06,0.41237113402061853,0.35051546391752575,0.28865979381443296
393,c30_noise0.06_rep93,0.06,0.7731958762886598,0.7010309278350515,0.6082474226804123
394,c30_noise0.06_rep94,0.06,0.8969072164948454,0.8350515463917526,0.7422680412371134
395,c30_noise0.06_rep95,0.06,0.5051546391752577,0.4845360824742268,0.28865979381443296
396,c30_noise0.06_rep96,0.06,0.5360824742268041,0.5257731958762887,0.3402061855670103
397,c30_noise0.06_rep97,0.06,0.6082474226804123,0.5670103092783505,0.31958762886597936
398,c30_noise0.06_rep98,0.06,0.6082474226804123,0.4020618556701031,0.30927835051546393
399,c30_noise0.06_rep99,0.06,0.6185567010309279,0.5360824742268041,0.32989690721649484
400,c30_noise0.08_rep0,0.08,0.711340206185567,0.6701030927835051,0.5463917525773195
401,c30_noise0.08_rep1,0.08,0.5567010309278351,0.4639175257731959,0.21649484536082475
402,c30_noise0.08_rep2,0.08,0.4639175257731959,0.3917525773195876,0.32989690721649484
403,c30_noise0.08_rep3,0.08,0.4845360824742268,0.4948453608247423,0.36082474226804123
404,c30_noise0.08_rep4,0.08,0.5360824742268041,0.41237113402061853,0.23711340206185566
405,c30_noise0.08_rep5,0.08,0.6185567010309279,0.5567010309278351,0.4020618556701031
406,c30_noise0.08_rep6,0.08,0.7010309278350515,0.5876288659793815,0.4020618556701031
407,c30_noise0.08_rep7,0.08,0.6288659793814433,0.5773195876288659,0.4845360824742268
408,c30_noise0.08_rep8,0.08,0.5876288659793815,0.5257731958762887,0.4329896907216495
409,c30_noise0.08_rep9,0.08,0.6907216494845361,0.6185567010309279,0.5360824742268041
410,c30_noise0.08_rep10,0.08,0.7731958762886598,0.7628865979381443,0.6494845360824743
411,c30_noise0.08_rep11,0.08,0.6288659793814433,0.5670103092783505,0.41237113402061853
412,c30_noise0.08_rep12,0.08,0.44329896907216493,0.35051546391752575,0.2268041237113402
413,c30_noise0.08_rep13,0.08,0.8350515463917526,0.7835051546391752,0.6701030927835051
414,c30_noise0.08_rep14,0.08,0.6597938144329897,0.5876288659793815,0.4639175257731959
415,c30_noise0.08_rep15,0.08,0.5670103092783505,0.5154639175257731,0.36082474226804123
416,c30_noise0.08_rep16,0.08,0.7422680412371134,0.6185567010309279,0.5257731958762887
417,c30_noise0.08_rep17,0.08,0.5876288659793815,0.4536082474226804,0.3402061855670103
418,c30_noise0.08_rep18,0.08,0.5979381443298969,0.4845360824742268,0.3402061855670103
419,c30_noise0.08_rep19,0.08,0.6494845360824743,0.6185567010309279,0.4742268041237113
420,c30_noise0.08_rep20,0.08,0.44329896907216493,0.28865979381443296,0.16494845360824742
421,c30_noise0.08_rep21,0.08,0.44329896907216493,0.35051546391752575,0.27835051546391754
422,c30_noise0.08_rep22,0.08,0.8144329896907216,0.7628865979381443,0.6701030927835051
423,c30_noise0.08_rep23,0.08,0.6494845360824743,0.5876288659793815,0.3402061855670103
424,c30_noise0.08_rep24,0.08,0.4948453608247423,0.4329896907216495,0.2268041237113402
425,c30_noise0.08_rep25,0.08,0.7938144329896907,0.7010309278350515,0.5773195876288659
426,c30_noise0.08_rep26,0.08,0.5154639175257731,0.44329896907216493,0.27835051546391754
427,c30_noise0.08_rep27,0.08,0.8556701030927835,0.8041237113402062,0.6907216494845361
428,c30_noise0.08_rep28,0.08,0.5876288659793815,0.4845360824742268,0.31958762886597936
429,c30_noise0.08_rep29,0.08,0.7319587628865979,0.6391752577319587,0.5360824742268041
430,c30_noise0.08_rep30,0.08,0.6082474226804123,0.5670103092783505,0.3711340206185567
431,c30_noise0.08_rep31,0.08,0.6082474226804123,0.5154639175257731,0.3711340206185567
432,c30_noise0.08_rep32,0.08,0.7319587628865979,0.7010309278350515,0.5567010309278351
433,c30_noise0.08_rep33,0.08,0.6288659793814433,0.5773195876288659,0.25773195876288657
434,c30_noise0.08_rep34,0.08,0.6494845360824743,0.6082474226804123,0.4536082474226804
435,c30_noise0.08_rep35,0.08,0.5360824742268041,0.5154639175257731,0.3402061855670103
436,c30_noise0.08_rep36,0.08,0.5773195876288659,0.4948453608247423,0.36082474226804123
437,c30_noise0.08_rep37,0.08,0.5670103092783505,0.4742268041237113,0.41237113402061853
438,c30_noise0.08_rep38,0.08,0.5463917525773195,0.5463917525773195,0.3917525773195876
439,c30_noise0.08_rep39,0.08,0.8762886597938144,0.845360824742268,0.7938144329896907
440,c30_noise0.08_rep40,0.08,0.6185567010309279,0.5051546391752577,0.3917525773195876
441,c30_noise0.08_rep41,0.08,0.5979381443298969,0.4742268041237113,0.36082474226804123
442,c30_noise0.08_rep42,0.08,0.6701030927835051,0.5773195876288659,0.422680412371134
443,c30_noise0.08_rep43,0.08,0.5773195876288659,0.4536082474226804,0.30927835051546393
444,c30_noise0.08_rep44,0.08,0.6185567010309279,0.5257731958762887,0.35051546391752575
445,c30_noise0.08_rep45,0.08,0.7010309278350515,0.5567010309278351,0.4329896907216495
446,c30_noise0.08_rep46,0.08,0.7319587628865979,0.5979381443298969,0.5670103092783505
447,c30_noise0.08_rep47,0.08,0.6804123711340206,0.5670103092783505,0.3711340206185567
448,c30_noise0.08_rep48,0.08,0.7731958762886598,0.6597938144329897,0.5257731958762887
449,c30_noise0.08_rep49,0.08,0.6082474226804123,0.4639175257731959,0.28865979381443296
450,c30_noise0.08_rep50,0.08,0.6082474226804123,0.4948453608247423,0.4020618556701031
451,c30_noise0.08_rep51,0.08,0.5463917525773195,0.4742268041237113,0.422680412371134
452,c30_noise0.08_rep52,0.08,0.38144329896907214,0.3402061855670103,0.2268041237113402
453,c30_noise0.08_rep53,0.08,0.6597938144329897,0.5051546391752577,0.4020618556701031
454,c30_noise0.08_rep54,0.08,0.7319587628865979,0.5876288659793815,0.44329896907216493
455,c30_noise0.08_rep55,0.08,0.5154639175257731,0.4329896907216495,0.28865979381443296
456,c30_noise0.08_rep56,0.08,0.6804123711340206,0.6082474226804123,0.36082474226804123
457,c30_noise0.08_rep57,0.08,0.7216494845360825,0.6082474226804123,0.4639175257731959
458,c30_noise0.08_rep58,0.08,0.7319587628865979,0.6701030927835051,0.5257731958762887
459,c30_noise0.08_rep59,0.08,0.5979381443298969,0.4742268041237113,0.26804123711340205
460,c30_noise0.08_rep60,0.08,0.7525773195876289,0.7422680412371134,0.5463917525773195
461,c30_noise0.08_rep61,0.08,0.5773195876288659,0.422680412371134,0.3402061855670103
462,c30_noise0.08_rep62,0.08,0.5773195876288659,0.4948453608247423,0.30927835051546393
463,c30_noise0.08_rep63,0.08,0.6288659793814433,0.6082474226804123,0.4639175257731959
464,c30_noise0.08_rep64,0.08,0.6185567010309279,0.5154639175257731,0.4329896907216495
465,c30_noise0.08_rep65,0.08,0.7010309278350515,0.6701030927835051,0.5567010309278351
466,c30_noise0.08_rep66,0.08,0.6288659793814433,0.5051546391752577,0.35051546391752575
467,c30_noise0.08_rep67,0.08,0.6082474226804123,0.5876288659793815,0.4639175257731959
468,c30_noise0.08_rep68,0.08,0.7319587628865979,0.6701030927835051,0.5567010309278351
469,c30_noise0.08_rep69,0.08,0.5876288659793815,0.5463917525773195,0.35051546391752575
470,c30_noise0.08_rep70,0.08,0.6597938144329897,0.5979381443298969,0.4845360824742268
471,c30_noise0.08_rep71,0.08,0.5773195876288659,0.5257731958762887,0.3917525773195876
472,c30_noise0.08_rep72,0.08,0.5463917525773195,0.44329896907216493,0.27835051546391754
473,c30_noise0.08_rep73,0.08,0.7525773195876289,0.711340206185567,0.6701030927835051
474,c30_noise0.08_rep74,0.08,0.6907216494845361,0.6701030927835051,0.5360824742268041
475,c30_noise0.08_rep75,0.08,0.7010309278350515,0.6288659793814433,0.5670103092783505
476,c30_noise0.08_rep76,0.08,0.6185567010309279,0.5051546391752577,0.36082474226804123
477,c30_noise0.08_rep77,0.08,0.6288659793814433,0.4742268041237113,0.30927835051546393
478,c30_noise0.08_rep78,0.08,0.6288659793814433,0.5257731958762887,0.35051546391752575
479,c30_noise0.08_rep79,0.08,0.6494845360824743,0.6082474226804123,0.5051546391752577
480,c30_noise0.08_rep80,0.08,0.35051546391752575,0.32989690721649484,0.1958762886597938
481,c30_noise0.08_rep81,0.08,0.7216494845360825,0.6185567010309279,0.5154639175257731
482,c30_noise0.08_rep82,0.08,0.7628865979381443,0.6597938144329897,0.5567010309278351
483,c30_noise0.08_rep83,0.08,0.6494845360824743,0.5773195876288659,0.38144329896907214
484,c30_noise0.08_rep84,0.08,0.5257731958762887,0.4639175257731959,0.4020618556701031
485,c30_noise0.08_rep85,0.08,0.8350515463917526,0.7216494845360825,0.5876288659793815
486,c30_noise0.08_rep86,0.08,0.5257731958762887,0.44329896907216493,0.2268041237113402
487,c30_noise0.08_rep87,0.08,0.7216494845360825,0.6597938144329897,0.4845360824742268
488,c30_noise0.08_rep88,0.08,0.845360824742268,0.8247422680412371,0.7525773195876289
489,c30_noise0.08_rep89,0.08,0.4742268041237113,0.36082474226804123,0.23711340206185566
490,c30_noise0.08_rep90,0.08,0.7010309278350515,0.6082474226804123,0.4329896907216495
491,c30_noise0.08_rep91,0.08,0.8350515463917526,0.7216494845360825,0.5257731958762887
492,c30_noise0.08_rep92,0.08,0.6494845360824743,0.5567010309278351,0.38144329896907214
493,c30_noise0.08_rep93,0.08,0.8041237113402062,0.7628865979381443,0.5979381443298969
494,c30_noise0.08_rep94,0.08,0.845360824742268,0.8350515463917526,0.7525773195876289
495,c30_noise0.08_rep95,0.08,0.5773195876288659,0.5567010309278351,0.3711340206185567
496,c30_noise0.08_rep96,0.08,0.6494845360824743,0.6288659793814433,0.3917525773195876
497,c30_noise0.08_rep97,0.08,0.6701030927835051,0.5567010309278351,0.31958762886597936
498,c30_noise0.08_rep98,0.08,0.6804123711340206,0.5257731958762887,0.3711340206185567
499,c30_noise0.08_rep99,0.08,0.6804123711340206,0.6185567010309279,0.38144329896907214
500,c30_noise0.1_rep0,0.1,0.6907216494845361,0.6804123711340206,0.5567010309278351
501,c30_noise0.1_rep1,0.1,0.6082474226804123,0.4639175257731959,0.23711340206185566
502,c30_noise0.1_rep2,0.1,0.5463917525773195,0.422680412371134,0.4020618556701031
503,c30_noise0.1_rep3,0.1,0.6185567010309279,0.5463917525773195,0.4020618556701031
504,c30_noise0.1_rep4,0.1,0.6185567010309279,0.44329896907216493,0.27835051546391754
505,c30_noise0.1_rep5,0.1,0.6391752577319587,0.5979381443298969,0.4020618556701031
506,c30_noise0.1_rep6,0.1,0.6907216494845361,0.5670103092783505,0.4329896907216495
507,c30_noise0.1_rep7,0.1,0.7319587628865979,0.6082474226804123,0.5154639175257731
508,c30_noise0.1_rep8,0.1,0.5979381443298969,0.5154639175257731,0.36082474226804123
509,c30_noise0.1_rep9,0.1,0.711340206185567,0.6494845360824743,0.5876288659793815
510,c30_noise0.1_rep10,0.1,0.8556701030927835,0.845360824742268,0.7319587628865979
511,c30_noise0.1_rep11,0.1,0.5876288659793815,0.6185567010309279,0.422680412371134
512,c30_noise0.1_rep12,0.1,0.4845360824742268,0.35051546391752575,0.24742268041237114
513,c30_noise0.1_rep13,0.1,0.8762886597938144,0.845360824742268,0.7216494845360825
514,c30_noise0.1_rep14,0.1,0.6804123711340206,0.5773195876288659,0.38144329896907214
515,c30_noise0.1_rep15,0.1,0.5979381443298969,0.4742268041237113,0.41237113402061853
516,c30_noise0.1_rep16,0.1,0.8041237113402062,0.7628865979381443,0.6597938144329897
517,c30_noise0.1_rep17,0.1,0.5979381443298969,0.422680412371134,0.32989690721649484
518,c30_noise0.1_rep18,0.1,0.6804123711340206,0.5773195876288659,0.26804123711340205
519,c30_noise0.1_rep19,0.1,0.7319587628865979,0.6701030927835051,0.5257731958762887
520,c30_noise0.1_rep20,0.1,0.5051546391752577,0.38144329896907214,0.2268041237113402
521,c30_noise0.1_rep21,0.1,0.4639175257731959,0.31958762886597936,0.27835051546391754
522,c30_noise0.1_rep22,0.1,0.8144329896907216,0.711340206185567,0.6288659793814433
523,c30_noise0.1_rep23,0.1,0.7422680412371134,0.6494845360824743,0.5051546391752577
524,c30_noise0.1_rep24,0.1,0.5257731958762887,0.4329896907216495,0.29896907216494845
525,c30_noise0.1_rep25,0.1,0.8556701030927835,0.845360824742268,0.6804123711340206
526,c30_noise0.1_rep26,0.1,0.5257731958762887,0.4639175257731959,0.31958762886597936
527,c30_noise0.1_rep27,0.1,0.7938144329896907,0.7319587628865979,0.6185567010309279
528,c30_noise0.1_rep28,0.1,0.6701030927835051,0.5876288659793815,0.35051546391752575
529,c30_noise0.1_rep29,0.1,0.711340206185567,0.6701030927835051,0.5257731958762887
530,c30_noise0.1_rep30,0.1,0.6907216494845361,0.6082474226804123,0.422680412371134
531,c30_noise0.1_rep31,0.1,0.5979381443298969,0.5257731958762887,0.31958762886597936
532,c30_noise0.1_rep32,0.1,0.8041237113402062,0.6907216494845361,0.5773195876288659
533,c30_noise0.1_rep33,0.1,0.7216494845360825,0.6701030927835051,0.4845360824742268
534,c30_noise0.1_rep34,0.1,0.6907216494845361,0.5876288659793815,0.4948453608247423
535,c30_noise0.1_rep35,0.1,0.5773195876288659,0.4948453608247423,0.38144329896907214
536,c30_noise0.1_rep36,0.1,0.5567010309278351,0.5154639175257731,0.422680412371134
537,c30_noise0.1_rep37,0.1,0.6082474226804123,0.5876288659793815,0.44329896907216493
538,c30_noise0.1_rep38,0.1,0.7010309278350515,0.6597938144329897,0.5051546391752577
539,c30_noise0.1_rep39,0.1,0.8969072164948454,0.8762886597938144,0.7835051546391752
540,c30_noise0.1_rep40,0.1,0.6185567010309279,0.5876288659793815,0.41237113402061853
541,c30_noise0.1_rep41,0.1,0.6288659793814433,0.5154639175257731,0.3402061855670103
542,c30_noise0.1_rep42,0.1,0.7628865979381443,0.6701030927835051,0.38144329896907214
543,c30_noise0.1_rep43,0.1,0.6494845360824743,0.5257731958762887,0.3711340206185567
544,c30_noise0.1_rep44,0.1,0.6391752577319587,0.5257731958762887,0.32989690721649484
545,c30_noise0.1_rep45,0.1,0.7938144329896907,0.6082474226804123,0.422680412371134
546,c30_noise0.1_rep46,0.1,0.8144329896907216,0.6804123711340206,0.5567010309278351
547,c30_noise0.1_rep47,0.1,0.6597938144329897,0.5876288659793815,0.28865979381443296
548,c30_noise0.1_rep48,0.1,0.7628865979381443,0.7216494845360825,0.5979381443298969
549,c30_noise0.1_rep49,0.1,0.5670103092783505,0.44329896907216493,0.35051546391752575
550,c30_noise0.1_rep50,0.1,0.6391752577319587,0.4948453608247423,0.28865979381443296
551,c30_noise0.1_rep51,0.1,0.5979381443298969,0.5360824742268041,0.4639175257731959
552,c30_noise0.1_rep52,0.1,0.4536082474226804,0.35051546391752575,0.27835051546391754
553,c30_noise0.1_rep53,0.1,0.7525773195876289,0.6494845360824743,0.5876288659793815
554,c30_noise0.1_rep54,0.1,0.6804123711340206,0.6597938144329897,0.4948453608247423
555,c30_noise0.1_rep55,0.1,0.6082474226804123,0.4845360824742268,0.28865979381443296
556,c30_noise0.1_rep56,0.1,0.7216494845360825,0.6185567010309279,0.4329896907216495
557,c30_noise0.1_rep57,0.1,0.6597938144329897,0.5979381443298969,0.4329896907216495
558,c30_noise0.1_rep58,0.1,0.8247422680412371,0.7010309278350515,0.5567010309278351
559,c30_noise0.1_rep59,0.1,0.6391752577319587,0.5154639175257731,0.35051546391752575
560,c30_noise0.1_rep60,0.1,0.6597938144329897,0.6288659793814433,0.4742268041237113
561,c30_noise0.1_rep61,0.1,0.5773195876288659,0.4742268041237113,0.36082474226804123
562,c30_noise0.1_rep62,0.1,0.6494845360824743,0.5773195876288659,0.4948453608247423
563,c30_noise0.1_rep63,0.1,0.7319587628865979,0.6185567010309279,0.4639175257731959
564,c30_noise0.1_rep64,0.1,0.6082474226804123,0.5154639175257731,0.41237113402061853
565,c30_noise0.1_rep65,0.1,0.7731958762886598,0.7319587628865979,0.6082474226804123
566,c30_noise0.1_rep66,0.1,0.7319587628865979,0.5773195876288659,0.3711340206185567
567,c30_noise0.1_rep67,0.1,0.6494845360824743,0.6288659793814433,0.3917525773195876
568,c30_noise0.1_rep68,0.1,0.7731958762886598,0.7010309278350515,0.5567010309278351
569,c30_noise0.1_rep69,0.1,0.6288659793814433,0.6082474226804123,0.38144329896907214
570,c30_noise0.1_rep70,0.1,0.7835051546391752,0.5979381443298969,0.4845360824742268
571,c30_noise0.1_rep71,0.1,0.6288659793814433,0.5567010309278351,0.3917525773195876
572,c30_noise0.1_rep72,0.1,0.6597938144329897,0.5463917525773195,0.27835051546391754
573,c30_noise0.1_rep73,0.1,0.7835051546391752,0.7938144329896907,0.6701030927835051
574,c30_noise0.1_rep74,0.1,0.7422680412371134,0.6494845360824743,0.4536082474226804
575,c30_noise0.1_rep75,0.1,0.7731958762886598,0.7216494845360825,0.6391752577319587
576,c30_noise0.1_rep76,0.1,0.6391752577319587,0.5257731958762887,0.3402061855670103
577,c30_noise0.1_rep77,0.1,0.6701030927835051,0.5670103092783505,0.4329896907216495
578,c30_noise0.1_rep78,0.1,0.7731958762886598,0.6701030927835051,0.4948453608247423
579,c30_noise0.1_rep79,0.1,0.6804123711340206,0.5876288659793815,0.422680412371134
580,c30_noise0.1_rep80,0.1,0.4845360824742268,0.4845360824742268,0.27835051546391754
581,c30_noise0.1_rep81,0.1,0.7319587628865979,0.6701030927835051,0.4948453608247423
582,c30_noise0.1_rep82,0.1,0.8247422680412371,0.7319587628865979,0.5876288659793815
583,c30_noise0.1_rep83,0.1,0.6391752577319587,0.5567010309278351,0.41237113402061853
584,c30_noise0.1_rep84,0.1,0.7731958762886598,0.6185567010309279,0.3402061855670103
585,c30_noise0.1_rep85,0.1,0.8041237113402062,0.7835051546391752,0.5773195876288659
586,c30_noise0.1_rep86,0.1,0.5979381443298969,0.4639175257731959,0.30927835051546393
587,c30_noise0.1_rep87,0.1,0.8144329896907216,0.711340206185567,0.4536082474226804
588,c30_noise0.1_rep88,0.1,0.8865979381443299,0.8556701030927835,0.7216494845360825
589,c30_noise0.1_rep89,0.1,0.4948453608247423,0.36082474226804123,0.23711340206185566
590,c30_noise0.1_rep90,0.1,0.6701030927835051,0.5773195876288659,0.4742268041237113
591,c30_noise0.1_rep91,0.1,0.845360824742268,0.7628865979381443,0.6391752577319587
592,c30_noise0.1_rep92,0.1,0.5670103092783505,0.5567010309278351,0.422680412371134
593,c30_noise0.1_rep93,0.1,0.7731958762886598,0.7216494845360825,0.6082474226804123
594,c30_noise0.1_rep94,0.1,0.8969072164948454,0.8969072164948454,0.7216494845360825
595,c30_noise0.1_rep95,0.1,0.6185567010309279,0.5154639175257731,0.3917525773195876
596,c30_noise0.1_rep96,0.1,0.7216494845360825,0.6391752577319587,0.4329896907216495
597,c30_noise0.1_rep97,0.1,0.6701030927835051,0.6597938144329897,0.38144329896907214
598,c30_noise0.1_rep98,0.1,0.7010309278350515,0.6185567010309279,0.3711340206185567
599,c30_noise0.1_rep99,0.1,0.7525773195876289,0.6907216494845361,0.4742268041237113
600,c30_noise0.12_rep0,0.12,0.7525773195876289,0.711340206185567,0.4948453608247423
601,c30_noise0.12_rep1,0.12,0.6907216494845361,0.6082474226804123,0.3711340206185567
602,c30_noise0.12_rep2,0.12,0.6082474226804123,0.5051546391752577,0.41237113402061853
603,c30_noise0.12_rep3,0.12,0.6185567010309279,0.5463917525773195,0.4845360824742268
604,c30_noise0.12_rep4,0.12,0.6288659793814433,0.5051546391752577,0.3402061855670103
605,c30_noise0.12_rep5,0.12,0.6391752577319587,0.5463917525773195,0.3711340206185567
606,c30_noise0.12_rep6,0.12,0.7216494845360825,0.6597938144329897,0.4742268041237113
607,c30_noise0.12_rep7,0.12,0.7525773195876289,0.711340206185567,0.6494845360824743
608,c30_noise0.12_rep8,0.12,0.6597938144329897,0.5876288659793815,0.44329896907216493
609,c30_noise0.12_rep9,0.12,0.7319587628865979,0.7010309278350515,0.4845360824742268
610,c30_noise0.12_rep10,0.12,0.8556701030927835,0.865979381443299,0.7731958762886598
611,c30_noise0.12_rep11,0.12,0.6804123711340206,0.6391752577319587,0.4948453608247423
612,c30_noise0.12_rep12,0.12,0.5051546391752577,0.4020618556701031,0.30927835051546393
613,c30_noise0.12_rep13,0.12,0.8247422680412371,0.7938144329896907,0.6804123711340206
614,c30_noise0.12_rep14,0.12,0.711340206185567,0.5876288659793815,0.4329896907216495
615,c30_noise0.12_rep15,0.12,0.5876288659793815,0.4948453608247423,0.4020618556701031
616,c30_noise0.12_rep16,0.12,0.8144329896907216,0.7938144329896907,0.6494845360824743
617,c30_noise0.12_rep17,0.12,0.6494845360824743,0.5257731958762887,0.41237113402061853
618,c30_noise0.12_rep18,0.12,0.7628865979381443,0.6494845360824743,0.32989690721649484
619,c30_noise0.12_rep19,0.12,0.8144329896907216,0.6907216494845361,0.5979381443298969
620,c30_noise0.12_rep20,0.12,0.5360824742268041,0.422680412371134,0.29896907216494845
621,c30_noise0.12_rep21,0.12,0.5257731958762887,0.38144329896907214,0.3402061855670103
622,c30_noise0.12_rep22,0.12,0.8556701030927835,0.7938144329896907,0.7010309278350515
623,c30_noise0.12_rep23,0.12,0.7938144329896907,0.6701030927835051,0.5051546391752577
624,c30_noise0.12_rep24,0.12,0.6494845360824743,0.4948453608247423,0.41237113402061853
625,c30_noise0.12_rep25,0.12,0.8762886597938144,0.8041237113402062,0.6185567010309279
626,c30_noise0.12_rep26,0.12,0.5463917525773195,0.4639175257731959,0.4329896907216495
627,c30_noise0.12_rep27,0.12,0.8041237113402062,0.7938144329896907,0.7216494845360825
628,c30_noise0.12_rep28,0.12,0.7010309278350515,0.6082474226804123,0.4845360824742268
629,c30_noise0.12_rep29,0.12,0.7216494845360825,0.6494845360824743,0.5773195876288659
630,c30_noise0.12_rep30,0.12,0.7216494845360825,0.7010309278350515,0.4536082474226804
631,c30_noise0.12_rep31,0.12,0.6804123711340206,0.5876288659793815,0.41237113402061853
632,c30_noise0.12_rep32,0.12,0.845360824742268,0.8041237113402062,0.6494845360824743
633,c30_noise0.12_rep33,0.12,0.7319587628865979,0.6804123711340206,0.4329896907216495
634,c30_noise0.12_rep34,0.12,0.7938144329896907,0.7010309278350515,0.6082474226804123
635,c30_noise0.12_rep35,0.12,0.6494845360824743,0.5463917525773195,0.44329896907216493
636,c30_noise0.12_rep36,0.12,0.6082474226804123,0.5670103092783505,0.4536082474226804
637,c30_noise0.12_rep37,0.12,0.6391752577319587,0.5876288659793815,0.44329896907216493
638,c30_noise0.12_rep38,0.12,0.7731958762886598,0.6391752577319587,0.5360824742268041
639,c30_noise0.12_rep39,0.12,0.9175257731958762,0.8969072164948454,0.8247422680412371
640,c30_noise0.12_rep40,0.12,0.7319587628865979,0.5670103092783505,0.4845360824742268
641,c30_noise0.12_rep41,0.12,0.5773195876288659,0.4742268041237113,0.36082474226804123
642,c30_noise0.12_rep42,0.12,0.7938144329896907,0.7525773195876289,0.5257731958762887
643,c30_noise0.12_rep43,0.12,0.6082474226804123,0.6288659793814433,0.422680412371134
644,c30_noise0.12_rep44,0.12,0.7422680412371134,0.5670103092783505,0.4948453608247423
645,c30_noise0.12_rep45,0.12,0.7628865979381443,0.5773195876288659,0.5051546391752577
646,c30_noise0.12_rep46,0.12,0.8350515463917526,0.7422680412371134,0.5670103092783505
647,c30_noise0.12_rep47,0.12,0.7319587628865979,0.6804123711340206,0.422680412371134
648,c30_noise0.12_rep48,0.12,0.8144329896907216,0.7938144329896907,0.6494845360824743
649,c30_noise0.12_rep49,0.12,0.6391752577319587,0.5360824742268041,0.3917525773195876
650,c30_noise0.12_rep50,0.12,0.6288659793814433,0.5051546391752577,0.44329896907216493
651,c30_noise0.12_rep51,0.12,0.6494845360824743,0.5257731958762887,0.4020618556701031
652,c30_noise0.12_rep52,0.12,0.4845360824742268,0.38144329896907214,0.21649484536082475
653,c30_noise0.12_rep53,0.12,0.7835051546391752,0.7216494845360825,0.5979381443298969
654,c30_noise0.12_rep54,0.12,0.7216494845360825,0.6701030927835051,0.4536082474226804
655,c30_noise0.12_rep55,0.12,0.6804123711340206,0.5257731958762887,0.3402061855670103
656,c30_noise0.12_rep56,0.12,0.6701030927835051,0.5773195876288659,0.4639175257731959
657,c30_noise0.12_rep57,0.12,0.7422680412371134,0.6494845360824743,0.4020618556701031
658,c30_noise0.12_rep58,0.12,0.8041237113402062,0.7422680412371134,0.6288659793814433
659,c30_noise0.12_rep59,0.12,0.6597938144329897,0.5463917525773195,0.3711340206185567
660,c30_noise0.12_rep60,0.12,0.8041237113402062,0.7731958762886598,0.6804123711340206
661,c30_noise0.12_rep61,0.12,0.7010309278350515,0.6185567010309279,0.41237113402061853
662,c30_noise0.12_rep62,0.12,0.7010309278350515,0.5773195876288659,0.44329896907216493
663,c30_noise0.12_rep63,0.12,0.8041237113402062,0.6804123711340206,0.5463917525773195
664,c30_noise0.12_rep64,0.12,0.6082474226804123,0.5463917525773195,0.4742268041237113
665,c30_noise0.12_rep65,0.12,0.8144329896907216,0.7216494845360825,0.5773195876288659
666,c30_noise0.12_rep66,0.12,0.7731958762886598,0.7010309278350515,0.5567010309278351
667,c30_noise0.12_rep67,0.12,0.6701030927835051,0.6288659793814433,0.41237113402061853
668,c30_noise0.12_rep68,0.12,0.8247422680412371,0.7835051546391752,0.6907216494845361
669,c30_noise0.12_rep69,0.12,0.6185567010309279,0.5567010309278351,0.44329896907216493
670,c30_noise0.12_rep70,0.12,0.7835051546391752,0.6804123711340206,0.5257731958762887
671,c30_noise0.12_rep71,0.12,0.7525773195876289,0.6185567010309279,0.41237113402061853
672,c30_noise0.12_rep72,0.12,0.6597938144329897,0.5154639175257731,0.31958762886597936
673,c30_noise0.12_rep73,0.12,0.8144329896907216,0.7628865979381443,0.7525773195876289
674,c30_noise0.12_rep74,0.12,0.711340206185567,0.711340206185567,0.5979381443298969
675,c30_noise0.12_rep75,0.12,0.7938144329896907,0.7010309278350515,0.6804123711340206
676,c30_noise0.12_rep76,0.12,0.6288659793814433,0.5670103092783505,0.3711340206185567
677,c30_noise0.12_rep77,0.12,0.6907216494845361,0.5567010309278351,0.3917525773195876
678,c30_noise0.12_rep78,0.12,0.7938144329896907,0.711340206185567,0.4742268041237113
679,c30_noise0.12_rep79,0.12,0.7628865979381443,0.6494845360824743,0.5154639175257731
680,c30_noise0.12_rep80,0.12,0.5876288659793815,0.4742268041237113,0.28865979381443296
681,c30_noise0.12_rep81,0.12,0.7628865979381443,0.6804123711340206,0.5257731958762887
682,c30_noise0.12_rep82,0.12,0.7835051546391752,0.711340206185567,0.6185567010309279
683,c30_noise0.12_rep83,0.12,0.6804123711340206,0.6288659793814433,0.4639175257731959
684,c30_noise0.12_rep84,0.12,0.7525773195876289,0.6288659793814433,0.422680412371134
685,c30_noise0.12_rep85,0.12,0.8144329896907216,0.7628865979381443,0.7216494845360825
686,c30_noise0.12_rep86,0.12,0.5670103092783505,0.5463917525773195,0.30927835051546393
687,c30_noise0.12_rep87,0.12,0.8041237113402062,0.7938144329896907,0.5257731958762887
688,c30_noise0.12_rep88,0.12,0.9072164948453608,0.865979381443299,0.865979381443299
689,c30_noise0.12_rep89,0.12,0.5773195876288659,0.5154639175257731,0.24742268041237114
690,c30_noise0.12_rep90,0.12,0.711340206185567,0.5567010309278351,0.4742268041237113
691,c30_noise0.12_rep91,0.12,0.8350515463917526,0.8144329896907216,0.711340206185567
692,c30_noise0.12_rep92,0.12,0.6907216494845361,0.5773195876288659,0.5154639175257731
693,c30_noise0.12_rep93,0.12,0.8350515463917526,0.7835051546391752,0.6907216494845361
694,c30_noise0.12_rep94,0.12,0.9072164948453608,0.865979381443299,0.845360824742268
695,c30_noise0.12_rep95,0.12,0.6701030927835051,0.6082474226804123,0.4020618556701031
696,c30_noise0.12_rep96,0.12,0.7010309278350515,0.6907216494845361,0.5051546391752577
697,c30_noise0.12_rep97,0.12,0.7010309278350515,0.6597938144329897,0.4536082474226804
698,c30_noise0.12_rep98,0.12,0.7216494845360825,0.7216494845360825,0.5979381443298969
699,c30_noise0.12_rep99,0.12,0.7835051546391752,0.6907216494845361,0.4742268041237113
